"arm","primary_index","secondary_norm","item5_belief"
"A",4.16666666666667,2.66666666666667,68.3333333333333
"B",4,2,51.6666666666667
"C",4.16666666666667,3,48.3333333333333
